step,type,amount,oldbalanceOrg,newbalanceOrig,oldbalanceDest,newbalanceDest,paysim_prob,kartik_prob,final_score,risk_percent,fraud_flag,risk_label
743,TRANSFER,985000.0,990500.0,5500.0,0.0,0.0,0.19983956738515582,0.04,0.08795187021554673,8.795187021554673,0,LOW RISK
811,CASH_OUT,650000.0,651200.0,1200.0,250.0,650250.0,0.033295196054472016,0.04,0.037988558816341604,3.7988558816341604,0,LOW RISK
902,TRANSFER,1200000.0,1205000.0,5000.0,0.0,0.0,0.3331355192830817,0.04,0.12794065578492453,12.794065578492454,0,LOW RISK
877,CASH_OUT,499999.0,500500.0,501.0,100.0,500099.0,0.0,0.04,0.027999999999999997,2.8,0,LOW RISK
956,TRANSFER,780000.0,785500.0,5500.0,0.0,0.0,0.03333333333333333,0.04,0.038,3.8,0,LOW RISK
999,CASH_OUT,910000.0,912000.0,2000.0,50.0,910050.0,0.033295196054472016,0.04,0.037988558816341604,3.7988558816341604,0,LOW RISK
720,TRANSFER,430000.0,435100.0,5100.0,0.0,0.0,0.03316806322838642,0.04,0.03795041896851592,3.795041896851592,0,LOW RISK
845,CASH_OUT,300000.0,301000.0,1000.0,500.0,300500.0,0.03164961172799188,0.04,0.03749488351839756,3.749488351839756,0,LOW RISK
