step,type,amount,oldbalanceorg,newbalanceorig,oldbalancedest,newbalancedest,paysim_prob,kartik_prob,final_score,risk_percent,fraud_flag,risk_label
1,TRANSFER,5000,10000,5000,0,5000,0.0,0.04,0.027999999999999997,2.8,0,LOW RISK
2,CASH_OUT,12000,15000,3000,0,12000,0.033331654162635206,0.04,0.03799949624879056,3.799949624879056,0,LOW RISK
3,PAYMENT,200,5000,4800,1000,1200,0.033323260846158394,0.04,0.03799697825384751,3.7996978253847513,0,LOW RISK
4,TRANSFER,25000,30000,5000,0,25000,0.0993487565253442,0.04,0.05780462695760326,5.780462695760326,0,LOW RISK
5,CASH_OUT,7000,8000,1000,0,7000,0.09990258270425297,0.04,0.05797077481127588,5.797077481127588,0,LOW RISK
